geo,name,1990,1991,1992,1993,1994,1995,1996,1997,1998,1999,2000,2001,2002,2003,2004,2005,2006,2007,2008,2009,2010,2011,2012,2013,2014,2015,2016,2017,2018,2019,2020,2021,2022,2023,2024
afg,Afghanistan,,,,,,,,,,,,,,,,,,,,,,,,,,,,,,,2817.99602,2157.11182,1979.53035,2050.86644,
ago,Angola,,,,,,,,,,,,,7174.93405,7226.26432,8137.05686,9725.73606,10997.14825,11032.44493,11160.52047,9316.85188,10660.14412,11621.37713,11759.98271,11464.53384,10360.99428,8646.2527,8415.05033,8571.76718,9031.09718,8010.61913,7208.02143,8254.76805,8402.74526,7788.90392,8055.14931
alb,Albania,,,,,,4976.22676,5368.61899,4725.29936,5214.42197,6072.35294,6641.98874,7346.56681,7613.54902,8085.67768,8641.1498,9004.9248,9690.08563,10474.72146,11168.33947,11364.51279,11675.28442,11936.70467,12157.32479,12837.96174,13322.85964,13960.94013,14843.59171,15463.06723,16258.02535,16657.39088,16164.47574,17960.38122,19436.00506,20937.30561,22397.49538
and,Andorra,,,,,,,,,,,,,,,,,,,,,,,,,,,,,,,,63827.87998,,,
are,UAE,,,,,,,,,,,,96813.76763,90382.16999,91789.72979,96615.71622,103611.81501,112783.31265,107303.10495,104274.87275,81442.02112,75573.99847,86006.30922,87539.46916,87939.75421,87083.17648,76232.21898,74467.40941,74458.62454,76713.54969,76289.8851,61227.66292,68460.79538,81656.4242,84671.32668,
arg,Argentina,14642.26775,16248.1678,18074.70067,19529.41251,20460.07416,19129.15096,20152.27816,21719.57721,22105.56071,20771.98777,20469.06631,18984.68238,16807.33275,18171.83199,18083.72574,19249.67178,22637.93708,24795.70811,26093.9362,23967.32838,26389.59427,28577.65838,28129.15783,28444.33168,27224.4198,27720.5597,26942.15974,27772.32916,26440.5139,25128.24701,22767.22613,25772.61839,27489.28068,26934.28059,25824.30817
arm,Armenia,,,,,4019.36328,3982.92891,4290.76002,4688.83321,4873.03302,5090.35961,5342.73694,5928.76595,6783.00826,7839.90068,8669.64511,9990.12835,11424.59118,13114.57353,14041.95989,11494.06832,12262.2229,12143.65288,12745.74341,13115.9782,13237.05324,13376.47967,13132.34278,14340.01086,14947.88221,15929.51642,14732.49174,15464.00867,17431.66207,18575.10168,18666.14421
atg,Antigua and Barbuda,,,,,,,,,,,,,,,,,,,,,,,,,,,,,,,,24824.88724,,,
aus,Australia,31095.96676,30292.79724,30129.07537,31003.19033,31777.67999,32639.87105,33662.69106,34875.30326,36183.5432,37251.74501,38659.49099,39109.34219,40355.48599,41206.42436,43055.80348,44196.08,45598.12365,46849.67581,48309.40699,49245.2123,48947.13067,51317.30068,53008.73151,52665.02672,52756.72099,52222.74855,51560.08573,53145.51683,53836.63233,54774.45912,54720.7412,57556.8374,59134.28869,59439.47153,58610.67071
aut,Austria,,,,,,48500.27302,49467.12384,50234.53037,51812.01165,52973.24424,54714.76166,54895.8066,56038.2919,56523.22934,57660.27926,58358.56796,60247.83241,61987.5605,62912.31883,60335.35853,61231.70705,61903.88754,61621.70421,61209.27129,61271.70128,61094.89497,62567.76394,62530.57735,63521.41143,64512.51524,61260.52631,64007.54334,64044.95542,63324.73558,62384.58435
aze,Azerbaijan,,,,,,,,,,,,,,,,,,,,,,,,,,,,,,,,19693.90635,,,
bdi,Burundi,,,,,,,,,,,,,,,,,,,,,,,,,,,,,,,,1037.98503,,,
bel,Belgium,,,,,,47742.5169,48092.9424,49754.73073,50736.97936,52040.50651,53384.6643,53426.96669,54174.28063,54401.61565,55503.70778,56156.70994,57018.9869,58732.00412,57914.79446,57249.61598,57289.00131,56237.28394,57167.51164,57255.09156,57880.02003,58549.55164,59063.81002,59510.09525,60037.51489,61431.34373,58452.17855,61448.52466,61031.64737,62624.98078,62970.63536
ben,Benin,2077.92846,2111.51046,2058.35163,2104.21685,2036.52595,2121.79851,2231.76079,2296.8821,2307.42578,2313.42397,2415.39707,2453.65114,2514.95045,2538.74591,2614.01851,2533.55567,2546.91217,2599.69563,2664.17251,2663.23121,2639.69459,2667.00115,2711.01725,2850.63977,2927.7421,2917.28258,2966.63212,3018.50122,3116.90553,3277.08802,3287.45815,3427.21138,3529.45354,3633.38607,3818.41851
bfa,Burkina Faso,1108.91634,1165.58865,1138.72105,1139.89481,1055.40505,1096.42487,1187.87902,1226.58047,1290.32974,1283.64603,1259.0621,1311.16303,1328.59461,1387.99312,1409.03058,1472.63067,1515.77815,1527.75845,1567.2303,1559.02683,1654.85592,1741.85009,1859.52297,1855.87135,1844.84384,1872.28056,1966.15617,2051.20294,2151.89517,2267.13913,2302.15595,2340.83935,2221.63754,,
bgd,Bangladesh,,,,,,,,,,,,,,,,,,,,,,,,,,,5948.76717,6213.06232,6648.23254,7118.43299,7305.57047,7832.73092,8200.66632,8571.36854,8852.24794
bgr,Bulgaria,,,,,,12647.68642,11932.13551,9381.91812,10694.63268,10147.21614,11025.85111,11928.16148,13181.63434,13982.69192,14823.9852,15649.77862,16521.50926,16813.15897,18493.34714,19252.73297,19939.15819,20601.06831,20846.82106,20905.32552,21668.03225,22401.13295,23808.69603,25000.41867,25743.55821,27638.83708,27651.64663,29722.83718,30721.3272,31406.19613,32336.99181
bhr,Bahrain,,,,,,,,,,,52218.44668,50619.61738,43630.58476,45674.56216,44922.35163,48767.69376,51296.58836,54395.98731,57984.34639,47376.96987,51735.6086,56204.36918,60372.16425,63405.12429,60273.7594,53599.80996,52665.52334,53799.31279,55329.54464,56719.09432,50453.66361,51553.0939,60432.21158,62996.9836,63324.05965
bhs,Bahamas,29728.66802,27595.33953,27022.57043,26162.91975,26500.32519,30804.10377,33318.38207,32577.89754,33908.16473,37950.1621,38769.26299,37749.12229,40509.85237,39073.78209,38386.41934,39186.69348,38263.45335,38840.32602,37288.29065,34063.98152,33569.54564,32296.52316,30200.12242,29658.09787,30800.83903,32389.09345,32120.61816,32879.83586,32248.5542,32712.78628,26050.15754,29228.20902,31439.7846,33623.16741,34709.96194
bih,Bosnia and Herzegovina,,,,,,,,,,,7845.23337,7963.73168,8355.6212,8608.45429,9158.86801,9613.25182,10214.0605,11077.33784,12019.68394,12078.38301,12056.03529,12054.26,12287.91521,12851.32735,13100.34825,13939.2764,14658.26292,15086.16356,15894.68773,16636.84006,16364.33956,18053.55979,18168.13838,19081.59228,20039.25172
blr,Belarus,12801.58919,12578.97839,10541.43503,8826.05046,7367.46544,6753.79054,7014.69265,7137.80156,8481.30211,8639.32541,8963.80326,9176.54262,9697.07261,10727.14599,12087.3856,14702.37327,16695.43995,17992.65153,21232.59106,20490.97525,22221.73258,24686.09291,26046.70424,26163.33658,26891.97111,23523.54564,22024.99971,23360.62369,25078.4564,25848.9581,25825.63534,26597.53983,26562.71165,26814.21793,28145.05634
blz,Belize,9477.41654,10136.62399,10575.9294,10853.38346,10522.36207,10342.89425,10240.50624,10138.33955,10207.66596,10636.3974,11317.47535,11231.16885,11595.06699,11651.36377,11336.33049,11110.42326,10693.18408,11818.01356,10978.9113,9836.38728,10178.5952,10695.86718,10628.1085,11024.3239,11362.04124,11833.90946,11877.79988,11740.87669,11015.38471,11208.10234,9545.96139,11340.36903,11979.46149,11807.98083,12098.05174
bol,Bolivia,5915.08519,5937.38323,5888.0535,5927.49669,6165.50824,6385.91256,6606.69768,6812.20094,7011.72909,6892.19438,6910.04507,6974.87518,7088.82462,7282.22757,7651.97459,7898.0324,8529.45612,8638.37531,9177.49854,8879.04519,9452.23711,9994.02131,10330.97466,10663.36157,10699.93941,10428.26106,10760.81355,11308.93075,11607.01627,11645.85203,10045.55063,10961.65277,11166.33182,11065.9894,10954.72228
bra,Brazil,12257.86092,12209.94519,11995.0708,12297.95578,12621.17614,13249.88832,13370.83455,13568.42746,13339.47845,12912.7097,13243.77212,13146.29026,13559.36488,13622.84564,14366.4976,14609.27363,15117.75475,15888.7665,16494.21646,16377.66876,17528.90457,18319.85739,18433.2615,18976.79311,18737.66645,17748.66286,17033.43665,17253.43111,17286.35886,17307.12836,16808.31437,17511.76481,17886.53094,18463.98734,18865.21822
brb,Barbados,,,,,,,,,,,,,,,,,,,,,,,,,,,,,,,,17397.31272,,,
brn,Brunei,88223.14884,87306.5136,72155.37151,67910.72369,62975.14301,55740.91546,60450.0043,63456.25468,55571.48134,56549.72611,62929.11392,62586.29279,60572.94719,65552.14716,71851.90397,81965.33518,89844.60012,88185.49379,106355.10961,84656.88947,88696.65627,106493.05473,107449.91893,102459.92073,97870.58971,81577.59762,75059.04655,78865.77468,76807.59321,76665.68006,69689.98553,78749.75165,89081.65993,79542.67379,80624.52969
btn,Bhutan,3239.25219,3083.34894,3225.26294,3340.7076,3660.98833,3839.34621,4055.24146,4339.40265,4222.30575,4351.38314,5312.11753,5594.46658,5995.50318,6300.35381,6489.68725,6887.54527,7128.63777,8082.68446,8285.73366,8740.651,9621.91308,10238.77131,10445.16725,10554.57348,11180.81544,11939.05994,12506.00522,12568.46425,12713.76502,13214.30347,12286.68149,12697.55262,12713.91135,13205.65218,
bwa,Botswana,7507.52319,8055.16408,8116.81683,8552.2329,7440.19094,7995.48688,7820.52356,8578.12807,9780.35691,9239.09925,9054.52687,9389.75283,8754.03854,9861.49959,9643.72664,9452.0306,10575.29224,11679.60388,12644.2157,11819.68615,12655.53323,14475.69517,14465.66313,14675.67433,16311.06055,15075.50571,16379.23746,15526.71536,15466.81203,17521.68091,16765.85798,17996.43425,19332.15949,19060.90543,
caf,Central African Republic,,,,,,,,,,,,,,,,,,,,1339.29056,1390.37922,1354.33958,1385.26885,844.81731,835.55497,878.50492,917.37477,968.23293,1205.98994,1229.36618,1200.16799,1205.55491,1200.59438,1201.84239,1181.88402
can,Canada,36818.76751,35548.81301,35216.45109,35668.61725,36739.19179,37753.97733,38230.46138,39420.32534,39887.1811,41834.34868,44719.53978,44750.48835,45251.12062,46498.89663,48328.98381,50044.94659,51224.4321,52310.83076,53018.78839,49193.46994,50812.63822,52458.17722,52628.14818,53534.65705,54212.1393,52945.76598,52857.24534,54426.64958,54995.77284,55342.77984,51712.85387,56471.26806,58337.13536,56168.47199,55393.57866
che,Switzerland,,,,,,65422.11,65434.13264,67279.45258,69646.41101,71111.47341,73635.30865,72548.85064,71793.2983,74405.38371,75306.12444,77954.17644,79702.41753,76710.24157,72193.19741,76193.64193,81164.26231,78286.25546,79374.21862,79053.77187,78331.2931,79881.89515,78305.9773,77292.43325,77089.63289,77531.45337,73848.82751,78091.80868,81469.28348,79625.10988,
chl,Chile,9020.45099,9554.1803,10383.73166,10856.35939,11367.38027,12628.35824,12816.16071,13495.74271,13808.73795,13579.0078,14040.15794,14167.18376,14402.01458,15067.35544,16307.56213,17476.29751,19367.58474,20550.27725,19739.80995,19923.58391,21980.86109,22504.47978,23936.77251,24546.96429,24539.62241,25120.50278,25403.29377,25654.94323,25955.86329,25663.00599,23953.48196,27443.59126,27302.91213,27878.89844,28707.10357
chn,China,,,,,,,,,,,,,,,,,,,,,,,,,,,,,,,,20701.13363,,,
civ,Cote d'Ivoire,,,,,,,,,,,,,,,,,,,2569.34875,2705.43718,2982.15119,2697.90525,2837.9127,3142.45231,4701.61836,4999.93782,5240.28264,5288.0098,5362.86451,5569.33297,5568.81179,5859.40175,6033.76438,6296.42254,6458.15101
cmr,Cameroon,3771.17174,3563.57005,3165.11336,3191.55305,3199.83346,3132.34,3080.85988,3262.08746,3293.92323,3408.39144,3455.46349,3417.54451,3460.12648,3683.35915,3902.51221,3958.30381,4076.81877,4069.56095,4056.75551,4128.61675,4136.18751,4153.78175,4250.05557,4388.67575,4488.48433,4573.31338,4644.05298,4673.6522,4752.23162,4753.99257,4594.07279,4715.73937,4799.08445,4773.74549,4880.20812
cod,"Congo, Dem. Rep.",,,,,1400.17826,1354.11026,1329.0918,1285.07211,1169.2335,1131.31891,1007.74343,953.24411,941.07658,1008.71655,1049.27955,1085.68437,1131.70072,1197.58968,1179.85413,1101.92546,1190.73601,1180.7239,1158.653,1176.29586,1202.0549,1208.28426,1195.0308,1245.27409,1236.54642,1145.8397,1118.24693,1355.13869,1344.40084,1293.82347,1537.98541
cog,"Congo, Rep.",6006.11724,6130.18461,6134.9757,5200.50546,5019.58716,2971.59328,3462.56925,3938.6324,3227.04372,2741.64208,5455.89994,5158.43344,5948.67389,4211.68724,6231.53713,7539.48801,8606.96956,7375.64007,9217.36075,7793.4314,10585.21188,10674.66815,12235.84688,11696.89226,11683.49581,9086.53775,7084.70903,6272.42207,7328.83249,6453.48763,5156.76905,5565.87747,6642.81652,5790.87923,5644.42921
col,Colombia,9236.88974,9343.30015,9324.7157,9520.88172,10262.87263,10601.9124,10569.40977,10749.49019,10507.51329,10058.16544,9972.39569,9798.53501,9897.74985,10057.47146,10535.211,10910.23153,11529.68478,12240.758,12826.46441,12863.66767,13505.57912,14486.88958,15070.19793,15778.47757,16289.87583,16329.7743,16445.11804,16564.1801,16742.24989,16989.23337,15464.44321,17225.96761,18314.82197,18386.71742,18648.16861
com,Comoros,3083.60877,2825.06506,2999.4093,3006.84433,2828.93294,2940.33851,2870.7054,2945.30001,2890.98926,2920.97137,2837.85491,2933.43015,2993.05275,2990.63172,3022.56861,3131.99317,3022.67188,3014.26074,3005.19308,3156.37051,3053.10807,3238.94667,3287.24444,3355.82881,3393.12005,3371.06955,3405.23579,3424.19536,3462.39942,3492.06784,3320.32223,3394.60132,3357.19211,3422.09276,3470.85067
cpv,Cape Verde,,,,,,,,,,,,,,,,,,6244.11932,6548.42193,6521.88961,6438.74798,6623.22633,6634.69239,6780.90085,6750.81945,6961.26441,7427.5635,7721.39679,8266.19993,8906.97005,7072.86619,7579.20243,8615.18786,8901.74358,9725.89089
cri,Costa Rica,,11973.92811,12866.66323,13615.88204,14111.32438,14289.5748,13840.78502,14352.5182,13918.01665,13700.02524,13666.16831,13878.00388,13996.00923,14341.09313,14662.31725,14966.41777,15829.28514,16735.53184,17085.97347,16990.478,17808.31148,18235.70266,19029.06482,19188.64974,19650.35081,20470.28531,21316.43983,21691.00496,21910.9313,22169.80006,21157.50654,22320.32879,22516.83682,23745.78715,24652.65375
cyp,Cyprus,27248.58789,27317.23633,28645.19336,28195.97461,29049.58984,29370.22852,29343.01367,29428.38477,33915.58203,32417.96094,32982.85156,34928.17188,35949.41406,37535.89062,38488.42969,39348.58984,40126.72656,41068.46484,43361.53125,42018.93359,41259.125,41777.05469,38502.84766,35779.39453,34730.375,36980.67578,38292.41406,40435.63281,42117.16406,43251.98047,40233.03906,43426.02344,45725.66797,46699.9375,47841.85938
cze,Czech Republic,,,,,,25337.09581,26740.22941,26693.2858,27260.86497,27518.56984,28252.64541,29386.10711,30226.3598,31358.25848,32568.25486,34151.00339,35212.79918,37087.25742,37516.48343,35589.96622,35660.37291,35760.45902,35996.52256,36296.25341,37321.30903,38855.84166,39933.20329,41958.82796,43192.67009,44401.35669,42810.53557,46397.18014,45261.41466,45394.17787,46352.64156
deu,Germany,38865.75286,40053.57007,40940.93705,40439.74028,41178.1709,45883.42476,46247.1123,46789.10482,47829.72518,48850.21288,49668.73708,50332.82782,50151.23149,50063.9153,51399.90119,51747.12637,53950.5452,55496.24727,55469.83507,53857.18853,55687.93102,58653.47585,58716.0701,58877.27404,59976.76296,60913.13798,62622.83968,63730.55567,64908.11951,65375.96195,62268.52628,64644.7585,64656.15936,65179.65148,65115.83432
dji,Djibouti,,,,,,,,,,,,,,,,,,,,,,,,4378.00866,4592.42796,4854.72011,5029.20827,5135.64004,5283.69792,5618.94173,5593.25686,5854.10601,6144.47107,6511.81067,7243.82642
dma,Dominica,,,,,,,,,,,,,,,,,,,,,,,,,,,,,,,,15823.12053,,,
dnk,Denmark,39647.20536,39896.91649,41076.6738,41113.40129,43152.96762,46668.08488,47875.02727,49294.80441,50339.51451,51736.88692,53135.10239,53829.05979,54147.39324,54500.19422,56632.85158,58752.40183,60855.92422,60570.65748,60915.7506,57318.48898,59219.14674,59524.30392,59594.77493,61000.48647,62162.23219,62935.4485,63869.84125,65280.22717,66331.64397,67314.64041,66980.28581,72467.54607,73500.17918,70178.86238,71584.7015
dom,Dominican Republic,6822.37144,7045.35458,7609.45625,7978.1444,8201.51401,8538.873,8901.42969,9616.90839,10194.7911,10518.40631,10666.64368,10886.69996,11099.18089,10496.26272,10611.5263,11533.43587,12432.2729,13219.09182,13269.10309,13653.46488,14507.50451,14493.37382,14751.38549,15146.23732,16039.90039,17504.8047,18635.36948,18977.3333,20039.69994,20828.58921,19178.84796,20958.23463,21983.59575,22794.44158,23475.95213
dza,Algeria,9771.9191,9503.37331,9136.34568,8472.89003,8185.42316,8182.84936,8622.80694,8793.64937,8465.93315,8902.94763,11301.33611,10868.23191,11035.85527,12065.05104,12930.26784,14480.69951,15610.65147,15945.82197,16587.11784,13952.52251,15594.22151,16082.6833,16491.46577,16032.31157,15880.3201,14597.59624,14613.86052,14747.82951,14946.87379,14652.41475,13002.56402,14213.30892,16253.34572,15961.87053,15873.68302
ecu,Ecuador,7821.70371,8135.35827,8405.30597,7603.48706,7793.03843,7793.46511,7941.20382,8161.64844,7927.83584,7277.02675,7892.28396,8085.07108,8610.74792,8817.32701,9144.13674,9759.99638,10347.85822,10648.76983,11636.62914,11037.14382,11509.92602,12559.81021,13022.76017,13750.86958,14141.6776,13407.53116,13191.81741,13888.37586,13787.76173,13558.99502,11915.70657,13289.0209,13879.15737,13953.33844,13942.54646
egy,Egypt,7447.15825,7868.07384,8313.61846,8328.53092,8351.55775,8553.48666,8709.18536,8971.24148,9045.71712,9506.60891,10010.36569,10329.38233,10286.0859,10460.97367,10784.70427,11066.50599,11854.76439,12381.43649,13041.02262,12848.09852,13075.43716,13245.41262,13050.68527,13131.16412,13096.23034,13434.48445,13708.70943,13841.45073,14205.90447,14527.5428,14859.21892,15124.15341,15840.47625,15982.44321,15804.97822
esp,Spain,30601.21667,31525.21112,31765.70291,31318.93528,31411.72403,32653.41102,33301.57567,34444.67712,36038.35844,37604.52105,39021.29441,40231.86396,41231.20439,42011.19728,42522.27824,43207.04876,44047.32053,44632.91033,43907.39317,42735.2253,42457.42497,41496.33485,40556.25861,40325.39867,41072.91614,42975.44325,44331.94691,45354.5727,46178.98894,46746.69977,41708.82919,44547.08907,45931.32245,47148.18976,48453.56723
est,Estonia,,,,,,,,,,,16803.78387,17973.27264,19606.36419,21472.60492,23318.05236,26245.24246,29254.02696,31770.91203,31281.44961,27699.37303,27671.07968,30228.35365,31850.83117,33454.96137,34946.36823,35866.26988,37277.09862,39190.48432,40953.37776,42543.10301,40401.52433,43275.74902,42946.05258,41134.41934,41321.14827
eth,Ethiopia,,,,,,,,,,,,,,,,,,,,,,1354.14444,1475.95212,1604.63434,1757.08186,1917.08408,2044.34215,2176.13639,2224.61187,2341.28392,2476.35493,2575.06831,2633.07198,2771.83554,3004.36234
fin,Finland,,,,,,38710.48588,39771.46081,42655.5014,45161.84443,47113.79094,49152.64191,50682.1352,51236.66327,51087.12566,53234.02427,53785.9692,55342.89662,57532.70171,57027.30709,52828.90735,54025.79725,54178.21982,52892.81633,52372.31129,52420.31575,52995.36725,53926.14764,55259.81901,56202.58889,56731.9107,56180.42349,57709.01627,57497.29487,55493.14008,55001.80559
fji,Fiji,,,,,,,,,,,,,,,,,,,,,,,,,,,,,,,,9701.15241,,,
fra,France,38889.38287,39052.11347,39550.16261,39350.74826,40020.15828,40696.81861,41235.00764,42288.99053,43737.56334,45307.88524,46325.77514,46994.31135,46996.9898,47220.43825,48133.6465,48667.61693,49574.52889,50673.77453,50601.49424,49343.21157,49879.51336,50647.23701,50221.10817,50570.1708,50971.42175,51739.24148,52202.11713,52927.83857,53528.6251,54965.95449,50445.25123,54159.91149,54557.29517,54757.89793,55091.10834
fsm,"Micronesia, Fed. Sts.",,,,,,,,,,,,,,,,,,,,,,,,,,,,,,,,4409.98671,,,
gab,Gabon,10299.87519,10338.81635,9076.09926,8679.61576,8988.25316,8754.27738,9598.51238,9843.73849,9178.81468,9213.73509,10657.02817,9783.23349,10129.26306,9732.79471,9691.98755,11420.58491,10917.15223,11004.04149,11883.56536,9753.16274,11286.36656,13222.88836,14124.88086,13526.5781,13271.64765,12199.15976,11940.41671,12449.32087,16018.13403,16599.99968,14535.56574,17425.85442,19550.30216,17638.40415,18077.44954
gbr,UK,,,,,,,,,,39865.199,41659.08723,42801.26287,43755.2218,45044.65003,45879.71699,47051.96173,47056.49317,47810.9237,46866.23595,44853.66284,46098.24758,46134.17823,46048.81358,46364.08387,47776.09313,48633.06589,49172.0498,50793.88914,51153.614,52385.59549,46437.74302,51309.08344,52698.14883,51329.07042,52324.64698
geo,Georgia,,,,,,,,,,,,,,,,,,,,,11054.93833,11769.10806,12820.26867,13223.02678,14172.71969,14616.5378,14768.84789,15733.72585,16833.76979,17533.44525,16549.42566,17737.21598,19505.44325,21126.81525,23913.74894
gha,Ghana,,,,,,,,,,,,,,,,,3520.04423,3688.28882,3899.86446,4087.46877,4192.66737,4761.1818,4926.79356,5513.06792,5274.25097,5209.30008,5317.15496,5476.20696,5792.39681,6061.75069,6297.12688,6405.09192,6751.25443,6394.37752,6958.77504
gin,Guinea,,,,,,,,,,,,,,,,,2375.71017,2401.05683,2481.8432,2284.33206,2598.95019,2523.20234,2701.467,2618.03278,2713.02586,2741.44871,2865.8734,3356.27094,3434.8961,3554.53611,3607.2389,3587.62956,3511.05395,3493.42285,3671.5763
gmb,Gambia,,,,,,,,,,,,,,,2671.78473,2534.8981,2439.59617,2455.43466,2554.07604,2634.65981,2712.94092,2524.55316,2556.0752,2511.65621,2340.48485,2433.56758,2473.32562,2490.48413,2548.06221,2780.32751,2787.91956,2708.31498,2788.7168,2982.25876,3196.88298
gnb,Guinea-Bissau,,,,,,,,1705.91938,1395.6499,1612.72393,1680.83467,1711.24831,1840.69072,1769.89794,1835.17315,1794.55109,1769.96586,1818.32991,1937.60725,1815.5191,1982.19286,2072.79435,1891.25502,1921.94227,2007.77913,2276.93939,2321.65641,2456.2954,2242.01864,2418.54849,2432.91425,2545.21703,2553.11495,2655.05872,2789.92283
gnq,Equatorial Guinea,,,,,,,,,,,,,,,,15122.26813,30484.46741,33470.26642,41436.52057,24960.10316,22346.0356,28793.98042,30411.47724,27743.64331,25392.43127,19465.55978,16017.4953,15527.3862,15719.41634,13158.33293,11224.26139,12596.60731,12809.4961,12209.00774,11774.10572
grc,Greece,,,,,,,,,,,,,,,,,40166.69948,41232.95857,40813.83503,39372.67074,37092.6189,33032.84239,31182.92981,30540.56172,31346.93945,31791.34575,31938.18647,32344.25074,32569.79285,33391.10693,30615.22775,33291.82524,35351.50206,36948.19794,38018.3898
grd,Grenada,,,,,,,,,,,,,,,,,,,,,,,,,,,,,,,,13944.10327,,,
gtm,Guatemala,6887.5201,7265.69255,7420.4334,7559.98036,7772.80299,7962.40398,7740.40111,8056.66749,8599.20021,8561.46609,8708.32126,8677.31706,8685.55314,8637.03785,8622.49988,8630.7026,8817.8086,9150.17506,9311.94123,9429.5992,9467.74057,9720.97899,9854.66416,9827.77698,10061.18078,10446.22064,10638.17118,10779.45928,10905.0278,11341.69912,11143.90992,11532.86221,11589.01358,12192.40726,12682.17386
guy,Guyana,,,,,,,,,,,,,,,,,,,,,,,,,,,,,,,,18312.57429,,,
hnd,Honduras,,,,,,,,,,,4461.59111,4444.24212,4469.5991,4524.71988,4663.94929,4860.47415,5057.74368,5341.38908,5462.97472,5244.10565,5180.42181,5236.06082,5246.17764,5296.14698,5276.4479,5406.31741,5487.66539,5713.20019,5732.27866,5776.5808,5192.86401,5679.99817,5880.35367,6020.19471,6079.25633
hrv,Croatia,,,,,,16568.29122,17820.70466,19098.65679,19874.28393,19236.42674,19960.30593,21316.05327,22729.1275,23832.24638,25486.88082,26395.82966,27816.61047,29466.27556,29908.09164,27947.1257,27737.213,27890.45154,27303.56592,27833.42548,28054.52538,29497.05123,30538.2312,32612.48316,33861.42611,35680.74544,33403.0907,36748.6672,38499.7615,40859.19454,43183.1391
hti,Haiti,3315.26384,3358.1988,3158.00789,2809.07689,2567.29293,2833.47631,2996.18346,3057.69809,3041.09242,3221.46269,3331.45816,3211.50557,3191.31177,3062.86805,3036.98281,2994.82688,3103.95291,3116.65691,3177.30467,3402.39676,3097.32427,3107.80049,3090.24547,3268.28714,3235.52206,3328.78524,3473.95482,3560.35084,3505.27123,3469.69266,3228.38223,3148.52266,3134.05492,3110.84956,2994.96075
hun,Hungary,,,,,,,,,,20619.39401,21437.2937,22486.27182,23898.48868,24939.3911,26121.56442,26968.32712,27813.84227,27622.7556,28061.4935,26963.95565,27223.05479,27512.20151,27245.79833,28376.62191,29352.17191,30543.90365,32216.83604,33005.20486,34687.17245,37062.33434,36198.48803,37727.27193,37661.41608,38009.54715,37897.98936
idn,Indonesia,,,,,,,,,,,,,,,,,,,,,8661.7161,9114.03552,9410.79829,9701.83627,10068.14137,10472.81872,10931.93859,11373.12092,11745.95803,12128.97487,11872.16632,12410.73656,13026.13448,13318.24282,13851.49108
ind,India,2180.95233,2155.87234,2227.24412,2287.9531,2392.07585,2521.9862,2661.40046,2720.10384,2832.93669,3024.96047,3074.50958,3167.31024,3232.50766,3426.36971,3635.32957,3859.05056,4102.84549,4366.72745,4429.62966,4709.10028,5010.54913,5209.37915,5402.43191,5667.20999,6014.7551,6418.53447,6866.99915,7253.63531,7639.08646,7861.80117,7299.38212,7955.24698,8484.24012,9182.70345,9686.16186
irl,Ireland,,,,,,32443.77452,34478.63309,37271.59923,40297.10975,42724.41295,46433.34987,47707.26376,48737.50657,50556.6607,51398.64603,53687.31048,55371.99084,55529.38091,51999.96613,47508.17032,48053.60377,47751.54626,47481.16412,50404.7904,54320.7471,66025.13029,68581.54479,71574.64736,72641.87998,74993.88699,76165.59753,83553.08554,84942.76923,86356.04802,88655.9085
irn,Iran,10215.96292,10700.84645,10753.99751,13371.39561,13159.32508,12682.06016,13226.01375,12705.53098,11548.55287,13229.63165,13514.45926,13846.85348,15845.26588,16784.0065,17582.28949,18901.70689,19569.4288,21524.02064,21213.93413,20412.64298,21868.18526,22453.93243,19093.47482,18061.73437,17966.58678,15930.22591,17129.85833,17811.51472,16105.1461,14019.08518,13811.53346,15880.21481,16493.62317,16174.43874,16076.52621
irq,Iraq,,,,,,,,,,,,,,,,,,11827.05907,13962.30976,10916.95105,12323.18768,14470.4419,15349.55316,15204.45494,13947.32581,9624.38431,10766.32964,11447.62193,12836.41733,12974.47492,9300.35469,12606.42265,15601.3119,12690.85917,12009.75477
isl,Iceland,,,,,,,,,,,,,,,,,,,,,,,,,,,,,,,,61705.39916,,,
isr,Israel,23550.87252,24522.37279,25491.25803,25891.09278,27022.25372,27978.04053,29123.13228,29650.20945,30418.43628,30601.96507,31494.87798,31562.08973,30958.91398,30558.26385,31255.57778,32473.08013,33736.40443,35072.38358,34652.65998,34905.53271,36044.3908,37088.92383,37203.85067,38285.16547,39513.26001,40303.20253,41556.15504,42605.52694,43288.70732,44300.66811,42652.72834,45798.52295,48036.92135,46720.54,46940.03768
ita,Italy,,,,,,45144.9104,45995.91238,47143.01742,48244.55252,49205.93263,50326.77149,51518.43752,51678.49116,51506.4216,51907.03379,51833.13424,52295.39775,52721.40241,50942.6398,49015.58095,48946.49146,48751.66524,46980.2861,46204.20835,46603.69856,47038.69926,48518.58132,49281.26179,49754.85793,50267.29418,46658.35902,50378.02714,51198.57562,52417.70594,53200.45359
jam,Jamaica,,,,,,,,,,,,,,,,,,,,,,,,,,,,,,,,10157.18068,,,
jor,Jordan,,,,,,,,,,,,,,,,,,,,,,,,,,,,,,,,9136.5421,,,
jpn,Japan,,,,,39232.12665,40154.03423,41307.11337,41502.82708,40980.95399,40703.96268,41616.57181,41734.45257,41594.8852,42058.84274,42897.107,43464.90758,43820.29866,44344.60084,42917.69107,41052.21021,42459.71874,42145.57312,42649.75443,43676.8227,43901.8931,45410.83223,45974.38856,46607.21026,46668.58294,46653.0606,45134.53827,46472.26511,46515.20049,47902.50617,
kaz,Kazakhstan,,,,11838.23242,10839.3534,9170.33857,8563.40369,9049.40191,9249.71351,9938.87194,11060.2848,11739.71562,12151.23788,12760.33728,14415.60798,16169.83467,18258.87071,20012.11243,21994.27551,19630.89733,21929.17967,24924.25643,25903.17624,27640.79136,28955.09449,27264.25729,26002.39947,27161.09657,28417.97511,29101.51758,28050.34026,28902.84913,32624.39367,32537.44811,34259.14811
ken,Kenya,3549.2742,3593.66217,3494.10056,3446.86882,3487.78184,3408.74826,3488.93946,3487.29273,3573.91362,3551.53159,3362.49215,3476.37101,3434.36259,3363.2335,3424.18672,3536.2,3705.75336,3795.46642,3706.05974,3427.39508,3554.36383,3599.01392,3725.75931,3753.94701,3901.50356,4131.11765,4629.87908,4689.48089,4880.3354,5063.35728,4987.8014,5264.44109,5400.65956,5531.66762,5704.47353
kgz,Kyrgyz Republic,,,,,,,,,,,,,,,,,,,,,3924.7927,4025.95269,4192.20022,4271.51569,4504.67244,4603.99225,4854.16633,5118.36301,5321.57121,5373.379,5235.26605,5350.54443,6295.11629,7103.52165,8035.97465
khm,Cambodia,,,,,,1426.83587,1382.00355,1395.54302,1373.20845,1501.40418,1643.3958,1747.87002,1818.14268,1987.99676,2143.91886,2344.94008,2562.86098,2807.3098,3209.88977,3138.08626,3274.68685,3499.48038,3671.61577,3879.77794,4185.4038,4458.28649,4746.37477,5100.0997,5543.29597,5982.71981,6014.61897,5973.42215,6196.88155,6500.10506,6640.66861
kir,Kiribati,,,,,,,,,,,,,,,,,2999.7098,3112.12611,2961.47407,2630.32208,2837.36791,2747.94783,3098.1499,3540.75289,4031.23752,4856.86136,4436.92669,4822.41659,4828.07293,5350.12022,4711.18983,4730.78955,5011.88005,5153.43055,
kna,St. Kitts and Nevis,,,,,,,,,,,,,,,,,,,,,,,,,,,,,,,,26038.30388,,,
kor,South Korea,16431.49206,18063.60346,18997.93018,20186.30039,21870.9402,23585.33073,24945.4822,25776.20433,23672.6093,26059.06668,27610.33792,28457.42875,30773.2805,31428.1174,32618.01518,33425.57331,34563.98554,36302.45197,36170.62713,36921.23616,39484.68378,39845.1319,40844.53156,42251.45771,43443.93649,46041.43235,47974.70322,49385.99174,50131.78308,50278.56595,50283.27071,52263.23743,52087.91062,53103.32734,55151.45261
kwt,Kuwait,,,,,,,,,,,,,,,,,,,,,76012.05379,87521.2804,92617.07124,86510.35224,77337.31846,54495.40266,49321.85406,53256.18178,56888.37863,56567.4622,44802.45238,58893.19764,67548.90627,59021.35725,
lao,Lao,,,,,,,,,,,,,,,,,,,,,,,,,,,,,,,,7620.24844,,,
lbn,Lebanon,4914.66584,6513.27906,9117.92945,10512.79477,11586.4506,12145.8131,13118.63372,12955.24819,13464.63381,13176.77957,12906.64141,13239.17544,12887.29984,11361.07104,13505.86599,13607.71535,13646.71993,14679.5289,15180.59741,17502.24342,18154.55373,17220.67677,17772.65738,16946.34673,15842.89226,16777.87427,17987.84629,18794.06363,18768.16505,18209.13353,14000.78136,10650.65954,9834.37698,10236.56002,
lbr,Liberia,,,,,,,,,,,,,,,,,,,,,,,,,,,,,,,,1443.67263,,,
lby,Libya,,,,,,,,,,,,,,,,,,,,,22242.31235,12549.36976,24319.77599,19691.55065,14601.93781,12996.30401,12021.42914,12189.00177,12718.61882,10221.28338,10141.32288,12448.61402,14016.64382,12316.30278,13509.81253
lca,St. Lucia,,,,,,,,,,,,,,,,,,,,,,,,,,,,,,,,18450.54204,,,
lka,Sri Lanka,4170.97476,4228.07609,4425.87272,4656.79152,4709.34495,4920.95429,5060.0785,5378.0007,5692.48292,5754.53353,5783.2771,5774.92745,6019.77686,6522.30509,6676.69921,6956.13956,7341.25771,7788.61996,7926.60009,8852.84256,,,,,,13171.76905,13772.14008,14498.53256,14594.26884,14414.37305,13782.20246,13994.62279,12617.56907,12406.95011,13379.29974
lso,Lesotho,,,,,,,,,,,,,,,,,,2920.52415,3062.26754,2791.83795,2916.10934,2939.13562,2910.62268,2955.86813,3048.04769,3230.4315,3227.5761,2975.81144,3167.63089,3121.93697,2974.13242,2968.25163,3037.90433,3044.23212,
ltu,Lithuania,,,,,,10774.81648,11828.43336,13146.50755,14139.7216,14263.76053,15185.56224,16363.50024,17730.77832,19490.00626,21861.05212,24213.00707,25887.99732,28789.20412,30654.71266,27278.80979,27241.13953,28737.55666,30132.52295,31871.56053,33878.03436,34967.26719,36757.62297,38901.3245,40932.72187,43193.78599,43720.98291,44335.3184,41589.72134,43912.22631,45884.44861
lux,Luxembourg,66862.81737,71217.30134,70429.1242,72782.93154,72566.87736,74979.43297,76183.25455,79378.37801,78805.41297,84447.06457,86465.07903,86985.1577,83525.81806,80869.56428,93075.58658,95769.62102,91273.12894,102551.75297,95917.42618,74607.85043,83379.09091,84675.64218,93884.52425,89115.00185,91898.75404,81728.01392,84833.57289,90580.00392,90495.51837,86258.69598,86955.66171,92640.93349,85215.75163,87964.75576,85030.46914
lva,Latvia,,,,,,10126.05393,10429.96786,11139.96204,12225.11323,12669.20175,13360.25797,14566.09167,15677.07162,17099.55238,18627.66882,21138.4222,23686.13679,27192.58276,26918.53994,24978.33206,23131.35779,24392.70981,25840.06251,26903.98433,27686.13021,28895.29993,30594.41285,31957.28726,33516.49804,34717.00742,34637.39848,36222.68073,36191.30402,36448.37996,37141.84044
mar,Morocco,4137.45654,4385.23438,4290.25391,4109.93555,4383.73047,4266.60547,4714.39014,4632.33252,4921.61279,4938.8833,4903.38721,5177.60645,5352.5166,5682.24365,5837.18945,5905.46533,6219.43262,6378.8916,6712.17236,6825.72559,6917.61768,7060.78467,7091.02588,7347.16162,7506.83691,8003.14648,8067.04883,8269.19043,8421.62988,8632.24219,8054.43604,8504.33594,8191.89355,8732.78516,9168.86621
mda,Moldova,,,,,,,5947.70359,6091.42402,5434.07381,5610.90235,5520.13163,6134.52125,6803.12153,7243.70247,7982.27386,8289.70381,8397.6864,8453.03177,8986.06191,8508.66034,9693.53982,10327.1258,10613.01493,11545.52561,12097.31879,11972.26249,12607.65721,13501.2861,14141.32934,15041.74655,14112.51026,15987.33072,15508.59096,16217.0109,17178.41258
mdg,Madagascar,1742.66386,1534.14445,1517.22512,1515.53965,1450.84677,1430.03345,1451.13725,1471.49516,1518.52022,1528.0755,1556.88061,1657.80405,1393.37004,1590.74589,1579.29686,1539.4106,1579.18133,1613.57084,1697.04909,1526.18377,1533.71549,1545.20575,1546.32307,1543.33189,1530.69907,1574.56747,1649.21894,1608.36416,1659.03178,1627.03446,1556.6423,1548.86653,1566.99458,1569.58073,1570.08307
mdv,Maldives,,,,,,,,,,,,,,,,,,,,,,,,,25393.63293,23508.25842,22279.2392,22575.67541,22795.77382,23491.13137,14624.7587,17110.99441,19561.96651,19054.68324,21146.9263
mex,Mexico,16262.19671,16631.73232,17007.36389,17480.03966,18014.2012,16247.80515,16912.70933,18111.41988,18848.37392,19405.03035,20311.90381,19825.33373,19691.79127,19944.48578,20418.88415,20524.06136,21222.68593,21486.37147,21665.7888,19627.44701,20283.39359,20432.90344,20642.5161,20463.23805,20743.60049,20715.94229,20824.25002,21260.45606,21360.4911,21194.36217,19158.30725,20245.56292,20650.85511,22409.73931,22498.30703
mhl,Marshall Islands,,,,,,,,4453.35882,4570.17111,4617.53738,4673.61386,4908.52674,4962.34012,4867.15122,4841.92603,5016.30193,4968.73505,5144.65744,4835.84257,4906.12815,4963.77052,4951.42035,4806.88461,5170.72599,5344.62515,5960.68635,6152.3756,6321.30899,6744.25436,7614.20198,7629.619,7412.62398,7622.22396,8047.7226,8628.52173
mkd,North Macedonia,11250.45524,11046.0266,10204.04335,9166.32366,9261.94434,9506.94763,9030.21255,8581.60089,8459.58467,8808.96718,10713.96371,10642.55284,10744.993,10963.62206,11547.77022,12192.69495,12955.78282,13369.62377,14267.28795,14571.44776,15121.87818,15138.24142,15244.4652,15929.3014,16852.37783,17725.1162,18748.51879,19081.49004,20005.04945,20961.45491,20295.48015,21172.47941,21811.99752,22027.29706,22899.16948
mli,Mali,1643.67042,1827.14661,1662.76709,1706.94349,1650.506,1651.20973,1742.94464,1753.34077,1875.75493,1868.3598,1769.74737,1853.54459,1779.01059,2006.84549,1991.63224,1997.15569,2103.13676,2105.97114,2094.10813,2298.3836,2395.28184,2462.04775,2364.26918,2222.34321,2333.1693,2426.59716,2510.15727,2552.53275,2607.375,2659.01658,2703.62825,2696.14652,2730.80295,2766.83289,2838.71423
mlt,Malta,,,,,,,,,,,27328.10619,28639.48595,29461.27868,30332.03447,30236.35494,29407.85328,29862.21476,31763.53405,32916.82423,31146.88018,33168.23687,33675.20206,34377.98166,35692.48674,38377.34656,41930.264,41198.46738,47796.14281,48504.37151,48372.21571,42779.20167,49504.30733,51992.55748,52801.93368,54738.56498
mmr,Myanmar,,,,,,,,,,,,,,,,,,,,,,,,,,,,,,,,5096.69887,,,
mne,Montenegro,,,,,,,,,,,,,,,,,15261.71446,17065.85895,18192.80958,17465.96821,17810.07241,18319.24679,17811.99281,18748.86619,19285.03596,20099.87123,21299.29426,22690.47863,23848.4679,25128.68195,20446.12033,24182.40224,26552.88684,29097.08167,29697.54436
mng,Mongolia,,,,,,,,,,,,,,,,,,,,,6949.95456,7872.67393,8853.20195,9728.51436,10491.6594,10258.88614,10527.04208,10793.99109,12047.30818,12626.32145,12250.27227,12632.65091,13776.92322,16350.08114,16784.442
moz,Mozambique,,552.16013,457.9848,487.79615,507.37604,473.72975,527.97016,585.87837,636.10442,706.01017,671.36372,698.64626,719.48357,827.30818,864.38552,900.54232,943.43648,1016.14514,1096.15087,1151.59093,1146.15138,1202.21948,1325.94079,1368.92705,1399.56079,1472.33678,1473.27844,1516.31569,1540.87564,1464.17575,1402.34643,1426.60383,1424.36785,1450.48091,1396.62329
mrt,Mauritania,3242.09163,3097.96609,3108.4411,3361.91116,3015.21857,3546.0089,3905.29526,3794.8464,3823.17914,3876.29581,3528.90629,3245.29838,3557.441,3955.69508,4039.17802,4587.40384,4777.14701,4600.65662,4518.36521,4413.28795,4832.13111,5337.06841,5181.55343,5173.57721,4456.82536,4398.33095,4810.26912,4916.2312,5498.62085,5689.35069,5984.40772,5744.0582,5382.24168,5836.12009,6125.55713
mus,Mauritius,10193.94744,10504.2517,11056.90371,11187.00348,11317.67782,11651.77581,12408.98063,13076.95604,14190.89948,14441.33241,15160.95853,15392.1033,16170.41572,16158.25459,16983.82345,16256.354,17084.2088,18720.6748,18367.58971,18053.57703,17819.27476,18028.66328,19755.51362,22269.51703,23518.52426,25589.24782,27053.04882,28289.0926,29192.44389,30033.16276,25104.90206,25356.67701,24072.95133,26729.549,27929.71386
mwi,Malawi,,,,,,,,,,,,,,,,,,,,,,,,,,,,1631.31482,1570.60832,1641.0115,1631.05931,1636.88805,1565.59459,1562.09464,
mys,Malaysia,,,,,,,,,,,,,,,,,,,,,,,,,,26866.23893,27661.53509,28757.6428,29448.9587,30437.86058,28543.05443,29011.12616,31100.9023,31883.02013,32966.19846
nam,Namibia,6129.55239,5925.73095,5973.83325,5444.41538,5682.66249,5632.54465,5719.20051,5903.88417,6128.51182,5975.92705,6391.30986,6547.2545,6849.75579,6807.54937,7332.67912,7476.29524,8234.57235,8428.38959,8908.09957,8712.05882,8965.83711,9481.44113,9766.24374,10365.34076,10904.60719,11361.72529,11317.88377,11232.47519,10741.68466,10607.17069,9650.6592,9342.49592,9964.10796,10344.11655,10769.12861
ner,Niger,1443.36227,1407.05197,1309.63441,1333.20904,1322.50265,1359.68564,1301.21007,1290.02158,1355.01515,1317.60891,1262.54968,1325.57497,1345.32718,1320.53927,1286.14168,1318.86874,1338.93557,1324.5303,1371.50383,1342.89727,1398.28544,1397.33281,1459.15045,1489.04546,1527.18667,1540.80707,1550.68267,1564.70677,1638.67349,1680.95857,1543.43328,1614.65411,1810.64542,1903.05655,2066.04006
nga,Nigeria,,,,,,,,,,,,,,,,,,,,,,,,,,,,,,,,7481.55635,,,
nic,Nicaragua,,,,,3515.97943,3850.93898,4016.61856,4209.6437,4478.37911,4622.70185,4690.27165,4709.2726,4721.93813,4746.12937,4895.92619,5069.41333,5000.92579,5221.6527,5387.55947,5278.80056,5448.08072,5714.26779,5912.3025,5985.88226,6373.54591,6872.75136,7119.91767,7298.55077,6713.69811,6569.90862,6406.74481,6745.44971,6530.42602,7359.56568,7785.76928
nld,Netherlands,42195.28091,43077.75513,43114.17204,43536.47261,44891.56516,46525.98404,48182.53043,50093.33502,51604.87842,54228.45541,56071.92326,56388.81023,55991.26442,56586.74372,57256.01237,58459.22534,60892.65455,62581.78762,61345.88622,59639.98114,61402.80681,61866.42086,60699.98408,60671.43779,61074.84936,62227.22211,62526.20363,64597.13063,66495.50664,66699.08895,63299.38023,69406.24663,69504.05334,69746.1463,70390.11513
nor,Norway,44212.78617,44953.02937,45757.90296,46791.08698,48483.97722,50509.88887,54025.70734,56919.6642,55997.47025,59216.91835,67226.25098,68207.9557,66738.16136,67237.19401,71611.27253,78207.45681,82466.67207,82977.95543,86787.10949,78330.1457,80197.88236,82804.93213,84517.27651,84386.15268,84875.01721,82340.68857,79832.10608,82022.794,85231.16452,82100.54873,76655.3552,88781.53395,110848.88431,,
npl,Nepal,,,,,,,,,,,,2280.71944,2228.55413,2244.98745,2319.22318,2373.83621,2403.38648,2457.47349,2579.22048,2687.19334,2850.28748,3027.44693,3127.70552,3216.02275,3453.21523,3636.73894,3762.19142,4155.05665,4483.4831,4670.34237,4458.57702,4570.55138,4783.9592,4866.56814,5070.94516
nru,Nauru,,,,,,,,,,,,,,,,,,,,,,,,,,,,,,,,18209.5869,,,
nzl,New Zealand,26393.64496,23929.5416,24100.24696,25294.06799,26526.15207,27278.26508,27455.6543,28322.93009,28563.03728,29449.80464,30180.18606,31723.20522,32502.04581,34005.37416,34701.85751,35054.39175,35264.39868,36982.91557,35950.58813,36900.23196,37309.49329,38293.40853,38732.04043,40495.47738,41223.18026,42091.30787,43086.78449,44266.28887,44927.5924,46191.04051,45619.54042,46937.13362,47481.49437,46357.0227,
omn,Oman,,,,,,,,,23047.1309,24539.36811,27049.33478,26841.45791,27580.30886,29141.18542,32376.42002,32915.2577,39811.75618,43762.1846,50059.43238,44742.25817,48650.88524,50279.05357,48982.45266,47130.27077,43837.52107,37143.95814,34683.50564,36458.52004,38276.7565,36583.6507,33512.16793,36069.4784,40663.8252,37725.27938,36389.51813
pak,Pakistan,3264.79494,3304.20007,3510.89324,3457.88052,3481.9567,3573.97289,3636.37995,3536.59425,3609.76413,3612.4613,3607.2505,3602.70369,3603.32563,3696.85866,3875.99238,4055.80435,4119.72824,4164.24885,4040.07623,4038.77694,4042.95064,4083.55097,4070.52553,4170.58259,4283.74419,4413.24191,4699.65484,4876.33857,5085.22982,5131.95319,5015.59456,5299.51214,5367.03823,5454.21126,5583.9428
pan,Panama,,,,,,,11560.6975,12363.21508,12857.32618,13009.12722,13424.81655,13451.68197,13970.34274,14297.99211,14534.10375,15639.14917,16669.35429,18322.75859,19526.57272,20638.81812,20591.03659,23221.6574,24575.90105,26171.23692,26249.12928,28519.42076,29148.96173,30420.67224,30202.56097,31268.51957,26064.00084,29100.50978,32299.27586,34655.95387,35141.0881
per,Peru,5409.73442,5462.31856,5290.8498,5395.46386,5991.57058,6381.11299,6451.96165,6785.62989,6563.46968,6417.37524,6408.77653,6327.88208,6548.6691,6686.4033,6924.79604,7287.62007,8140.53031,8917.9306,9515.62201,9665.34469,10770.08246,11726.38097,12360.30915,12906.1119,13054.06583,13246.85816,13480.17054,13788.39854,14010.0569,14236.86703,12750.80084,14099.15793,14086.01787,14337.78788,15032.34403
phl,Philippines,4189.34444,4181.28675,4229.2642,4284.04849,4399.86982,4528.73446,4842.94537,4983.45675,4952.16,4957.64203,5213.3184,5258.03804,5344.14821,5501.68052,5743.38395,5933.99193,6111.39086,6386.072,6566.05996,6684.0286,7010.77529,7104.05963,7459.37277,7864.44158,8214.45008,8589.12204,9052.56592,9547.82829,9987.92475,10397.68496,9101.18351,9172.83966,10003.41409,10954.70787,11699.56804
plw,Palau,,,,,,,,,,,14113.23623,15006.41647,15366.83482,15329.34939,15878.52887,16358.28268,16699.71702,17193.03176,16689.92714,16490.63864,16008.46455,16591.79046,17027.40804,17448.76989,18051.12567,19919.44624,20314.85492,19858.79038,19195.90563,19437.50481,18697.09178,16390.89178,16018.01479,16126.70302,
png,Papua New Guinea,,,,,,,,,,,,,,,,,,,,,,,,,,,,,,,,3734.73136,,,
pol,Poland,,,,,,14089.87252,14889.87312,15776.37299,16580.72285,17288.40206,17956.92317,18160.42445,18376.00145,18862.92179,19629.71575,20612.13623,21732.55291,23183.18055,24440.28547,25034.39544,25680.29315,26745.10216,26921.71275,27279.74499,28541.02342,30210.00581,31163.85361,32680.35934,34573.91255,36429.02024,36753.21338,39255.30477,40906.87763,41589.46167,43133.95494
prt,Portugal,,,,,,28297.4519,28933.64507,29938.97846,31553.30937,32800.17051,32996.8667,33504.90073,33932.43207,33764.71357,34181.85463,34269.79571,34270.9109,35144.00836,34692.18721,34246.46074,34682.07026,34336.77152,32985.11644,33337.49067,33724.90011,34665.35889,35816.78857,36995.09104,38003.11956,39176.1047,36526.96928,38273.51975,39620.20327,41041.12694,42358.14011
pry,Paraguay,,,,,,9870.09088,9818.22972,9439.84961,9665.67874,9293.55231,8324.49855,8651.25574,9348.44786,8920.51485,9177.40487,9066.90081,9456.56588,10317.58154,10761.18092,10758.4846,11855.01183,12270.08174,11906.57023,12733.82048,13298.29743,13298.76813,13899.70577,14335.81921,14485.66907,14281.42829,14048.74989,14841.8633,14378.71584,14731.78372,14941.15384
pse,Palestine,,,,,4727.15685,4887.85059,4684.73926,5171.94905,5910.61005,6228.98614,5268.45417,4529.90634,3801.13915,4181.09631,4883.16132,5361.45308,5245.10117,5362.20606,5678.50135,5888.48668,5921.09489,6350.93898,6600.11373,6837.51977,6751.9849,6939.08024,7312.66504,7349.58129,7492.46758,7425.19852,6305.65076,6797.46591,7064.52884,6446.59187,4188.6314
qat,Qatar,,,,,,,,,,,,,,,,,,,,,,,,,,,,,,,,115036.6601,,,
rou,Romania,12477.60115,11230.94117,10006.85469,10359.40592,10836.43672,11031.60313,11234.07211,10768.12371,10705.97692,10727.89714,11269.19167,11968.7265,12931.69112,13199.40483,14570.02284,15859.52184,17670.30646,20546.46343,23287.03036,22030.52922,21819.83686,23119.96299,23318.48475,23691.92673,25290.82807,26543.81161,27877.11263,30527.63051,32730.09803,34946.67129,34328.82234,36871.42329,38174.49714,39478.10382,40935.2538
rus,Russia,,,,,,,,,,,,,,,,,,,,,,,35821.625,36342.14844,35934.41016,35116.47656,34109.38281,34698.62891,35727.02734,36221.54297,35604.01953,37729.78906,37167.30859,38912.21094,
rwa,Rwanda,1034.49866,1018.81092,1052.73836,941.20482,462.24564,890.41153,825.48445,842.26881,886.61826,931.97036,1030.21536,1074.49276,1195.35241,1157.48967,1222.26422,1309.0993,1454.80115,1531.21516,1563.14017,1653.34295,1713.14751,1831.81304,1934.04714,1972.43099,2058.96039,2227.23191,2278.25241,2324.29493,2418.64304,2589.8271,2455.93708,2677.65201,2786.26086,2937.46494,3277.63302
sau,Saudi Arabia,,,,,,,,,,,43547.04585,40394.25311,41767.77342,42653.28999,48385.49628,55234.29939,58815.94189,59261.96427,67329.22032,52675.46507,61655.83249,73920.27874,74860.86108,70562.04883,67536.89248,56098.10281,52448.61059,55881.4495,62750.78975,63557.77613,52924.25226,63437.61304,72136.23094,65885.19947,62735.81276
sdn,Sudan,,,,,,,,,,,,,,,,,,,,,,,,,,,,,3354.70288,3154.05176,3213.44702,3121.36646,3083.86011,2226.31934,1815.28528
sen,Senegal,2741.16301,2743.16195,2762.43401,2729.92725,2394.73533,2477.79758,2540.91048,2578.75388,2678.88033,2752.42446,2692.81175,2881.46011,2736.36259,2905.29103,2883.0782,2996.49584,3013.2733,3043.2352,2960.46555,3127.58473,3172.46796,3073.7469,3044.63127,3127.93519,3294.62173,3435.84358,3621.81582,3775.67024,3859.46275,3941.8736,3973.54297,4067.24086,4112.54937,4151.00205,4460.76051
sgp,Singapore,41223.97461,43370.64708,45103.87204,47313.84327,53996.62187,57133.9876,58250.16951,62130.58334,59529.63308,60226.68279,64418.25182,62121.97464,62750.97915,68387.8946,72449.72163,77314.92191,83793.39629,87212.05071,79626.8511,76093.63611,89791.80508,89183.63136,88812.25068,89436.24282,92492.51528,92295.01384,95567.03066,100399.22777,98700.25521,99276.81885,93380.76319,112701.38728,115142.85756,106019.48622,110344.36345
slb,Solomon Islands,1964.80911,1559.47688,1984.73386,2283.52705,2511.23972,2901.63932,3232.53934,3169.17409,3188.40106,2843.9685,2257.2127,2097.8327,1958.53264,1736.36488,2010.84704,2158.13224,2260.00732,2303.65603,2191.1844,2263.85038,2391.88644,2574.67586,2529.18963,2700.91285,2670.67435,2700.80875,2694.86407,2646.66752,2804.35305,2758.71201,2539.75483,2478.09334,2474.93922,2486.70904,2554.24166
sle,Sierra Leone,,,,,,,,,,,,1638.2008,1942.00519,2040.22948,2048.28357,2123.68543,2067.80363,2031.89632,2129.50165,2300.50812,2430.77949,2380.30678,2755.5767,3004.0716,2760.79415,2549.62746,2687.59221,2766.66052,2797.42613,2857.62939,2804.27079,2820.83631,2944.45864,3025.83819,2948.39996
slv,El Salvador,5975.88471,6003.27012,6325.91967,6782.07491,7184.94796,7680.6499,7655.48676,7932.31754,8155.79361,8127.32277,8162.74642,8248.37834,8303.65146,8303.55677,8263.14561,8529.2826,8929.56445,9069.83574,8952.4694,8584.79131,8678.19518,8819.28728,8991.09507,9079.52928,9153.35088,9511.2158,9749.31521,9815.67564,9930.026,10305.58264,9473.42862,10181.44813,10219.87797,10668.27713,10825.27779
smr,San Marino,,,,,,,,,,,,,,,,,,,,,,,,,,,,55025.64036,53627.77009,54848.65541,50414.29431,58351.70608,64762.88002,64745.72019,
som,Somalia,,,,,,,,,,,,,,,,,,,,,,,,1158.26849,1238.70023,1308.06441,1360.37304,1515.41079,1488.27735,1476.92997,1379.38853,1386.59174,1378.21151,1424.64772,1451.74361
srb,Serbia,,,,,,,,10927.17226,11224.05184,10235.34667,10990.58681,11175.65493,11963.76834,12601.17067,13149.86026,13842.69624,14764.36299,15936.74006,16814.39004,16840.50947,16740.49451,16719.19894,16650.93268,17091.82414,17009.11582,17247.75254,17761.25156,18043.04021,19161.20278,20136.0093,20857.92214,22545.23465,23003.07755,24640.09472,25854.53251
stp,Sao Tome and Principe,,,,,,,,,,,,,,,,,,,,,,,,,,,,,,,,5762.53946,,,
sur,Suriname,,,,,,,,,,,,,,,,,,,,,,,,,,,,,,,,16194.10925,,,
svk,Slovak Republic,,,,,,18073.54535,18692.89998,19810.13104,20345.2207,20003.16147,20537.08243,21144.13501,22023.6997,22005.83515,23406.83381,25267.29719,27145.44409,29789.95049,31264.10844,29640.38155,30915.64815,30889.32199,31526.34835,31837.85699,32523.99856,33630.75642,34049.34644,35087.83552,36338.43942,36725.51728,36165.54135,37238.30169,36076.39083,36635.50265,37683.62167
svn,Slovenia,,,,,,25115.90758,25988.52907,27342.07928,28364.34904,29943.651,30321.41572,31468.08739,32521.33046,33589.06169,34750.35781,35732.23233,37471.26494,39759.53602,40566.06427,38264.79168,37724.44737,37512.72322,36024.41089,35935.63461,37320.85445,37758.84058,39334.91974,41540.66569,43338.785,44615.23101,43079.56352,45501.66283,45096.53975,47485.46317,48592.26561
swe,Sweden,41646.21053,40705.85954,39435.55455,37680.58312,39652.45161,41654.74698,42006.0866,43169.17283,45113.23289,47400.58796,49312.98489,49617.11065,50200.90263,51467.25309,52560.12543,53917.45049,56866.58185,58947.66903,58201.58209,54894.86591,57775.75724,58509.18406,57767.69648,57860.04145,58597.18503,59957.20637,60297.89637,61154.94989,61496.85759,63226.28843,61956.52599,65081.96009,65059.66387,64451.07731,64920.64148
swz,Eswatini,,,,,,,,,,,,,,,,,,,,,,,,9245.25708,9233.5973,9580.33704,9681.141,9630.91777,9297.41596,9552.92474,9311.63039,9237.01565,9160.6608,9734.27049,9632.49111
syc,Seychelles,15030.8032,15342.88381,16485.27161,17300.25944,16670.84794,16027.25787,17521.25943,19580.73999,19435.83545,19311.87447,19729.32945,19710.11814,18050.76137,17831.67397,18638.66589,20212.54883,21648.58248,21691.26639,20320.90982,20066.32212,20608.45434,22810.14696,24954.83175,23339.89641,23887.28378,25598.97436,28024.55248,29627.68059,31385.39788,33095.3205,29041.74858,28723.19962,27682.19433,29195.03792,
syr,Syria,,,,,,,,,,,,,,,,,,,,,,,,,,,,,,,,4425.99252,,,
tcd,Chad,2244.85405,2252.1967,2264.07431,1847.82618,1870.91431,1768.39426,1697.64825,1742.13611,1800.90818,1755.87232,1700.54645,2010.08767,2846.87844,2145.59164,,2398.50374,2389.12556,2460.47446,2506.64201,2442.68436,2848.74354,2903.07182,3097.22777,2966.01568,2817.45923,2729.96631,2437.17158,2361.89648,2507.01806,2487.33487,2294.53363,2409.94748,2605.07038,2461.47484,2424.60015
tgo,Togo,2483.01421,2257.025,2143.84407,1674.45226,1817.03169,1877.80934,2178.62201,2417.83107,2325.96121,2277.0896,2171.19634,2125.42979,2178.36509,2261.46791,2155.35297,1959.79416,1935.82565,1871.25166,1930.00717,1986.90395,2025.0491,2195.2137,2182.33858,2254.45638,2334.98166,2458.83039,2426.19434,2450.85352,2508.31229,2573.26672,2582.58646,2644.5709,2757.59946,,
tha,Thailand,,,,,,,,,,,,,,,,,,,,,,,,,,,,,,,,19539.57327,,,
tjk,Tajikistan,,,,5873.57039,3004.80819,3744.05508,2575.83093,2078.50092,2711.43068,3051.40764,3405.79931,3391.66614,3727.14814,4013.7903,4526.93047,5719.53527,5515.22579,5260.06872,5968.7954,5923.71406,5445.83166,5815.31846,6091.22284,7118.17357,7611.80763,7875.90198,7095.71164,6990.78972,8012.41772,7736.17982,6928.36191,4798.05413,8310.5553,7500.20928,
tkm,Turkmenistan,,,,,,,,,,,,,,,,,,,,,,,,,,,,,,,,16332.57792,,,
tls,Timor-Leste,,,,,,,,,,,3430.79179,3710.7909,3893.82492,3252.39203,3403.88698,4165.55478,5772.05672,7649.90629,11114.42878,8484.3379,10185.95611,12261.39003,10435.37163,9351.5204,7464.88865,6239.0414,4951.2213,4884.16149,4702.23325,5721.49209,4682.68342,6521.39569,5333.70522,3842.48933,3469.89
ton,Tonga,,,,,5343.71874,5338.08775,5246.98715,5397.2638,5446.07363,5718.27295,5717.49649,5491.07215,5740.96901,5907.84204,5601.53923,5344.13694,5491.39558,4929.41433,5697.36391,5027.27251,5206.58608,5651.06466,5702.32677,5723.8723,5588.29043,5825.04891,6875.5948,7126.29709,7038.09035,7315.17781,7321.17824,7277.8628,7009.52266,7252.72698,
tto,Trinidad and Tobago,,,,,,,,,,,,,,,,,,,,,,,,,,,,,,,,29989.208,,,
tun,Tunisia,6944.5656,6957.60454,7317.37335,7202.95435,7329.77159,7453.21892,7862.6575,8171.26881,8456.95966,8838.44455,9080.85383,9353.36802,9389.68659,9782.36667,10240.59739,10393.26391,10902.48882,11392.2949,11752.79636,11957.55127,12756.51821,12197.73102,12449.16087,12239.152,12560.81683,12686.51958,12804.17233,12671.40816,12620.15629,12716.70175,11745.41521,12119.13349,11959.20414,11164.00221,11725.62983
tur,Turkey,,,,,,,,,,,,,,,,,,,,,,,,,,,,,,,,31697.01276,,,
tuv,Tuvalu,,,,,,,,,,,,,,,,,,,,,,,,,,,,,,,,7218.57767,,,
tza,Tanzania,1435.64795,1459.42175,1376.08362,1315.07312,1348.28772,1379.00964,1485.24707,1557.43018,1679.50293,1722.81677,1754.07202,1796.0061,1936.24341,1967.92029,2038.20081,2158.25415,2298.46631,2330.70312,2338.06738,2434.9458,2512.62109,2612.91455,2673.50098,2817.9314,2931.07788,3006.6897,3135.86987,3191.81299,3389.16113,3437.80078,3384.37598,3434.17554,3477.46069,3538.47461,3656.97046
uga,Uganda,1088.7836,1079.34165,1041.75554,1103.22006,1173.67818,1350.57301,1401.39003,1463.28404,1468.27218,1506.16041,1520.1765,1502.75129,1571.61221,1610.28982,1678.04749,1723.12726,1851.36665,1975.61399,2078.02942,2218.37686,2263.00919,2368.74181,2387.66454,2434.43697,2520.89116,2512.40963,2614.96203,2563.13874,2535.55025,2661.4133,2642.86712,2626.20232,2681.57438,2713.61764,2710.96754
ukr,Ukraine,,15063.19531,14130.5625,10416.90625,8014.09668,6606.00732,5436.55273,5379.73438,5277.03857,5111.97852,4796.28027,5617.04883,5889.56445,6660.4082,7217.11426,9008,10673.8291,12969.29785,14065.4668,10595.27539,11735.39551,12983.45117,14170.25195,14405.27344,13619.93066,12836.31641,12987.18359,13934.85547,14558.27441,15209.9043,15741.77148,17328.27539,14556.22363,16516.20508,16951.98047
ury,Uruguay,13041.25769,13473.47287,14505.15212,14801.99354,15788.12421,15568.13121,16387.17765,17362.85021,18235.56622,17875.75922,17187.28233,16578.42327,15547.31102,14809.86713,15301.7348,16231.59712,16747.48408,17949.37404,18949.82666,20111.86882,21878.57061,23041.74566,22726.45848,24522.159,25017.89685,25506.56194,26932.89518,27196.50727,27151.1438,27612.02312,25372.44135,26476.34424,27494.30106,28167.31554,28939.08328
usa,USA,43036.8737,42519.88232,43261.59646,43689.89958,45011.36113,45996.38267,47470.28668,49350.28854,51526.43277,53215.69916,54978.82093,55292.36871,55557.82084,56281.74665,57877.49594,59224.79633,60729.076,60581.45666,58990.20115,57602.72396,59196.04203,59904.41924,61277.08422,61771.88631,63307.47249,64823.9348,65183.32506,66477.14091,68062.01922,69579.64529,67458.32912,71767.05879,73500.51488,74136.37079,
uzb,Uzbekistan,,,,,,,,,,,,,,,,,,,,,,,,,,,,,,,,9290.37393,,,
vct,St. Vincent and the Grenadines,,,,,,,,,,,,,,,,,,,,,,,,,,,,,,,,15896.38524,,,
vnm,Vietnam,,,,,,3039.32207,3196.66785,3430.97128,3585.19352,3791.38612,3947.27723,4205.61958,4271.11523,4416.45296,4505.66132,5210.80461,5523.06309,5599.0711,5857.15473,6140.0382,6740.88352,7076.84937,7721.88625,8059.22691,8588.04938,8836.79575,9477.09047,10040.57399,10732.11699,11446.36594,11666.91478,11432.4694,12370.46551,13215.92878,14164.56944
vut,Vanuatu,,,,,,,,,,,,,2583.33107,2560.7421,2626.15804,2551.95407,2820.03331,3307.30465,3212.5113,3100.98611,3095.96638,3006.06487,3012.16521,3140.54212,3217.68198,3080.19996,3141.588,3254.93983,3686.51581,4061.84759,3567.41881,3587.8721,3423.45597,,
wsm,Samoa,,,,,,,,,,,,,,,,,,,,5616.462,5665.03645,6259.03129,6040.72962,5525.36868,6028.37373,6375.36262,6728.43403,6717.8717,6903.63799,7076.98644,6902.02975,6246.27565,6378.45316,7453.63701,8031.08566
zaf,South Africa,9428.90046,9142.95311,8779.52949,8732.21812,8883.69427,8962.11999,9309.8366,9412.66551,9308.70855,9333.13395,9578.62372,9736.21764,10117.04043,10338.23724,10825.10047,11318.8094,11965.58029,12406.02336,12764.59437,12728.72933,13157.93118,13595.64084,13524.20566,13580.70194,13467.19155,13458.61859,13444.99553,13631.78489,13547.41659,13540.98192,12840.62735,13420.58249,13278.75683,13106.89741,12917.87911
zmb,Zambia,,,,,,,,,,,,,,,,,,,,,,,,,,,,,,,,3198.35697,,,
zwe,Zimbabwe,,,,,,,,,,,,,,,,,,,,3209.50645,3628.86249,3941.01718,4558.48768,4724.34375,4822.88618,5236.24362,4953.12779,5683.86859,5443.72003,5079.47163,4500.57178,4751.74802,4899.29733,5309.41107,5326.19964
